task_id,status,input_tokens,output_tokens,total_tokens,calls,judgment_file
T01_R01_C01,ok,5813,959,6772,1,OPENCODE_DEEPSEEK_V4_FLASH__T01_R01_C01.judgment.json
T01_R01_C01_A01,ok,12164,477,12641,1,OPENCODE_DEEPSEEK_V4_FLASH__T01_R01_C01_A01.judgment.json
T01_R01_C01_A02,ok,7159,671,7830,1,OPENCODE_DEEPSEEK_V4_FLASH__T01_R01_C01_A02.judgment.json
T01_R01_C01_A03,ok,5992,711,6703,1,OPENCODE_DEEPSEEK_V4_FLASH__T01_R01_C01_A03.judgment.json
T01_R01_C02,ok,14774,944,15718,1,OPENCODE_DEEPSEEK_V4_FLASH__T01_R01_C02.judgment.json
T01_R01_C02_A01,ok,19526,906,20432,1,OPENCODE_DEEPSEEK_V4_FLASH__T01_R01_C02_A01.judgment.json
T01_R01_C02_A02,ok,15211,1858,17069,1,OPENCODE_DEEPSEEK_V4_FLASH__T01_R01_C02_A02.judgment.json
T01_R01_C02_A03,ok,14050,1105,15155,1,OPENCODE_DEEPSEEK_V4_FLASH__T01_R01_C02_A03.judgment.json
T01_R01_C03,ok,7693,727,8420,1,OPENCODE_DEEPSEEK_V4_FLASH__T01_R01_C03.judgment.json
T01_R01_C03_A01,ok,12448,756,13204,1,OPENCODE_DEEPSEEK_V4_FLASH__T01_R01_C03_A01.judgment.json
T01_R01_C03_A02,ok,12527,786,13313,1,OPENCODE_DEEPSEEK_V4_FLASH__T01_R01_C03_A02.judgment.json
T01_R01_C03_A03,ok,12126,3147,15273,1,OPENCODE_DEEPSEEK_V4_FLASH__T01_R01_C03_A03.judgment.json
T01_R02_C01,ok,10580,762,11342,1,OPENCODE_DEEPSEEK_V4_FLASH__T01_R02_C01.judgment.json
T01_R02_C01_A01,ok,11942,979,12921,1,OPENCODE_DEEPSEEK_V4_FLASH__T01_R02_C01_A01.judgment.json
T01_R02_C01_A02,ok,15133,693,15826,1,OPENCODE_DEEPSEEK_V4_FLASH__T01_R02_C01_A02.judgment.json
T01_R02_C01_A03,ok,10437,1063,11500,1,OPENCODE_DEEPSEEK_V4_FLASH__T01_R02_C01_A03.judgment.json
T01_R02_C02,ok,29574,950,30524,1,OPENCODE_DEEPSEEK_V4_FLASH__T01_R02_C02.judgment.json
T01_R02_C02_A01,ok,33093,868,33961,1,OPENCODE_DEEPSEEK_V4_FLASH__T01_R02_C02_A01.judgment.json
T01_R02_C02_A02,ok,32898,2379,35277,1,OPENCODE_DEEPSEEK_V4_FLASH__T01_R02_C02_A02.judgment.json
T01_R02_C02_A03,ok,20043,856,20899,1,OPENCODE_DEEPSEEK_V4_FLASH__T01_R02_C02_A03.judgment.json
T01_R02_C03,ok,20967,850,21817,1,OPENCODE_DEEPSEEK_V4_FLASH__T01_R02_C03.judgment.json
T01_R02_C03_A01,ok,29495,797,30292,1,OPENCODE_DEEPSEEK_V4_FLASH__T01_R02_C03_A01.judgment.json
T01_R02_C03_A02,ok,29097,756,29853,1,OPENCODE_DEEPSEEK_V4_FLASH__T01_R02_C03_A02.judgment.json
T01_R02_C03_A03,ok,30990,1644,32634,1,OPENCODE_DEEPSEEK_V4_FLASH__T01_R02_C03_A03.judgment.json
T02_R01_C01,ok,11401,1120,12521,1,OPENCODE_DEEPSEEK_V4_FLASH__T02_R01_C01.judgment.json
T02_R01_C01_A01,ok,16913,1273,18186,1,OPENCODE_DEEPSEEK_V4_FLASH__T02_R01_C01_A01.judgment.json
T02_R01_C01_A02,ok,12629,1090,13719,1,OPENCODE_DEEPSEEK_V4_FLASH__T02_R01_C01_A02.judgment.json
T02_R01_C01_A03,ok,12016,1382,13398,1,OPENCODE_DEEPSEEK_V4_FLASH__T02_R01_C01_A03.judgment.json
T02_R01_C02,ok,18713,1042,19755,1,OPENCODE_DEEPSEEK_V4_FLASH__T02_R01_C02.judgment.json
T02_R01_C02_A01,ok,24147,1327,25474,1,OPENCODE_DEEPSEEK_V4_FLASH__T02_R01_C02_A01.judgment.json
T02_R01_C02_A02,ok,22193,1171,23364,1,OPENCODE_DEEPSEEK_V4_FLASH__T02_R01_C02_A02.judgment.json
T02_R01_C02_A03,ok,22703,645,23348,1,OPENCODE_DEEPSEEK_V4_FLASH__T02_R01_C02_A03.judgment.json
T02_R01_C03,ok,8549,1148,9697,1,OPENCODE_DEEPSEEK_V4_FLASH__T02_R01_C03.judgment.json
T02_R01_C03_A01,ok,9117,1436,10553,1,OPENCODE_DEEPSEEK_V4_FLASH__T02_R01_C03_A01.judgment.json
T02_R01_C03_A02,ok,12652,1431,14083,1,OPENCODE_DEEPSEEK_V4_FLASH__T02_R01_C03_A02.judgment.json
T02_R01_C03_A03,ok,10312,1240,11552,1,OPENCODE_DEEPSEEK_V4_FLASH__T02_R01_C03_A03.judgment.json
T02_R02_C01,ok,23270,1153,24423,1,OPENCODE_DEEPSEEK_V4_FLASH__T02_R02_C01.judgment.json
T02_R02_C01_A01,ok,15883,789,16672,1,OPENCODE_DEEPSEEK_V4_FLASH__T02_R02_C01_A01.judgment.json
T02_R02_C01_A02,ok,18011,801,18812,1,OPENCODE_DEEPSEEK_V4_FLASH__T02_R02_C01_A02.judgment.json
T02_R02_C01_A03,ok,20142,806,20948,1,OPENCODE_DEEPSEEK_V4_FLASH__T02_R02_C01_A03.judgment.json
T02_R02_C02,ok,11758,507,12265,1,OPENCODE_DEEPSEEK_V4_FLASH__T02_R02_C02.judgment.json
T02_R02_C02_A01,ok,9864,593,10457,1,OPENCODE_DEEPSEEK_V4_FLASH__T02_R02_C02_A01.judgment.json
T02_R02_C02_A02,ok,8422,582,9004,1,OPENCODE_DEEPSEEK_V4_FLASH__T02_R02_C02_A02.judgment.json
T02_R02_C02_A03,ok,15447,618,16065,1,OPENCODE_DEEPSEEK_V4_FLASH__T02_R02_C02_A03.judgment.json
T02_R02_C03,ok,10392,1015,11407,1,OPENCODE_DEEPSEEK_V4_FLASH__T02_R02_C03.judgment.json
T02_R02_C03_A01,ok,12014,1080,13094,1,OPENCODE_DEEPSEEK_V4_FLASH__T02_R02_C03_A01.judgment.json
T02_R02_C03_A02,ok,12676,2287,14963,1,OPENCODE_DEEPSEEK_V4_FLASH__T02_R02_C03_A02.judgment.json
T02_R02_C03_A03,ok,11021,918,11939,1,OPENCODE_DEEPSEEK_V4_FLASH__T02_R02_C03_A03.judgment.json
T03_R01_C01,ok,34222,925,35147,1,OPENCODE_DEEPSEEK_V4_FLASH__T03_R01_C01.judgment.json
T03_R01_C01_A01,ok,32735,544,33279,1,OPENCODE_DEEPSEEK_V4_FLASH__T03_R01_C01_A01.judgment.json
T03_R01_C01_A02,ok,18379,895,19274,1,OPENCODE_DEEPSEEK_V4_FLASH__T03_R01_C01_A02.judgment.json
T03_R01_C01_A03,ok,17700,793,18493,1,OPENCODE_DEEPSEEK_V4_FLASH__T03_R01_C01_A03.judgment.json
T03_R01_C02,ok,80298,638,80936,1,OPENCODE_DEEPSEEK_V4_FLASH__T03_R01_C02.judgment.json
T03_R01_C02_A01,ok,53711,852,54563,1,OPENCODE_DEEPSEEK_V4_FLASH__T03_R01_C02_A01.judgment.json
T03_R01_C02_A02,ok,61142,1334,62476,1,OPENCODE_DEEPSEEK_V4_FLASH__T03_R01_C02_A02.judgment.json
T03_R01_C02_A03,ok,59893,1070,60963,1,OPENCODE_DEEPSEEK_V4_FLASH__T03_R01_C02_A03.judgment.json
T03_R01_C03,ok,30175,883,31058,1,OPENCODE_DEEPSEEK_V4_FLASH__T03_R01_C03.judgment.json
T03_R01_C03_A01,ok,18822,835,19657,1,OPENCODE_DEEPSEEK_V4_FLASH__T03_R01_C03_A01.judgment.json
T03_R01_C03_A02,ok,36683,935,37618,1,OPENCODE_DEEPSEEK_V4_FLASH__T03_R01_C03_A02.judgment.json
T03_R01_C03_A03,ok,28171,1324,29495,1,OPENCODE_DEEPSEEK_V4_FLASH__T03_R01_C03_A03.judgment.json
T03_R02_C01,ok,37232,627,37859,1,OPENCODE_DEEPSEEK_V4_FLASH__T03_R02_C01.judgment.json
T03_R02_C01_A01,ok,38762,476,39238,1,OPENCODE_DEEPSEEK_V4_FLASH__T03_R02_C01_A01.judgment.json
T03_R02_C01_A02,ok,39712,944,40656,1,OPENCODE_DEEPSEEK_V4_FLASH__T03_R02_C01_A02.judgment.json
T03_R02_C01_A03,ok,35700,1134,36834,1,OPENCODE_DEEPSEEK_V4_FLASH__T03_R02_C01_A03.judgment.json
T03_R02_C02,ok,13477,686,14163,1,OPENCODE_DEEPSEEK_V4_FLASH__T03_R02_C02.judgment.json
T03_R02_C02_A01,ok,39238,828,40066,1,OPENCODE_DEEPSEEK_V4_FLASH__T03_R02_C02_A01.judgment.json
T03_R02_C02_A02,ok,27106,3920,31026,1,OPENCODE_DEEPSEEK_V4_FLASH__T03_R02_C02_A02.judgment.json
T03_R02_C02_A03,ok,13922,1530,15452,1,OPENCODE_DEEPSEEK_V4_FLASH__T03_R02_C02_A03.judgment.json
T03_R02_C03,ok,13733,1129,14862,1,OPENCODE_DEEPSEEK_V4_FLASH__T03_R02_C03.judgment.json
T03_R02_C03_A01,ok,10993,1399,12392,1,OPENCODE_DEEPSEEK_V4_FLASH__T03_R02_C03_A01.judgment.json
T03_R02_C03_A02,ok,12561,1330,13891,1,OPENCODE_DEEPSEEK_V4_FLASH__T03_R02_C03_A02.judgment.json
T03_R02_C03_A03,ok,9614,831,10445,1,OPENCODE_DEEPSEEK_V4_FLASH__T03_R02_C03_A03.judgment.json
T04_R01_C01,ok,12972,1009,13981,1,OPENCODE_DEEPSEEK_V4_FLASH__T04_R01_C01.judgment.json
T04_R01_C01_A01,ok,13390,970,14360,1,OPENCODE_DEEPSEEK_V4_FLASH__T04_R01_C01_A01.judgment.json
T04_R01_C01_A02,ok,13609,857,14466,1,OPENCODE_DEEPSEEK_V4_FLASH__T04_R01_C01_A02.judgment.json
T04_R01_C01_A03,ok,17355,918,18273,1,OPENCODE_DEEPSEEK_V4_FLASH__T04_R01_C01_A03.judgment.json
T04_R01_C02,ok,11268,1034,12302,1,OPENCODE_DEEPSEEK_V4_FLASH__T04_R01_C02.judgment.json
T04_R01_C02_A01,ok,13776,908,14684,1,OPENCODE_DEEPSEEK_V4_FLASH__T04_R01_C02_A01.judgment.json
T04_R01_C02_A02,ok,14905,1459,16364,1,OPENCODE_DEEPSEEK_V4_FLASH__T04_R01_C02_A02.judgment.json
T04_R01_C02_A03,ok,11991,1038,13029,1,OPENCODE_DEEPSEEK_V4_FLASH__T04_R01_C02_A03.judgment.json
T04_R01_C03,ok,9229,1356,10585,1,OPENCODE_DEEPSEEK_V4_FLASH__T04_R01_C03.judgment.json
T04_R01_C03_A01,ok,5017,870,5887,1,OPENCODE_DEEPSEEK_V4_FLASH__T04_R01_C03_A01.judgment.json
T04_R01_C03_A02,ok,11015,858,11873,1,OPENCODE_DEEPSEEK_V4_FLASH__T04_R01_C03_A02.judgment.json
T04_R01_C03_A03,ok,10845,1512,12357,1,OPENCODE_DEEPSEEK_V4_FLASH__T04_R01_C03_A03.judgment.json
T04_R02_C01,ok,8159,802,8961,1,OPENCODE_DEEPSEEK_V4_FLASH__T04_R02_C01.judgment.json
T04_R02_C01_A01,ok,8506,1363,9869,1,OPENCODE_DEEPSEEK_V4_FLASH__T04_R02_C01_A01.judgment.json
T04_R02_C01_A02,ok,7904,1327,9231,1,OPENCODE_DEEPSEEK_V4_FLASH__T04_R02_C01_A02.judgment.json
T04_R02_C01_A03,ok,8386,785,9171,1,OPENCODE_DEEPSEEK_V4_FLASH__T04_R02_C01_A03.judgment.json
T04_R02_C02,ok,20245,632,20877,1,OPENCODE_DEEPSEEK_V4_FLASH__T04_R02_C02.judgment.json
T04_R02_C02_A01,ok,14925,684,15609,1,OPENCODE_DEEPSEEK_V4_FLASH__T04_R02_C02_A01.judgment.json
T04_R02_C02_A02,ok,13519,1948,15467,1,OPENCODE_DEEPSEEK_V4_FLASH__T04_R02_C02_A02.judgment.json
T04_R02_C02_A03,ok,13827,1174,15001,1,OPENCODE_DEEPSEEK_V4_FLASH__T04_R02_C02_A03.judgment.json
T04_R02_C03,ok,13020,789,13809,1,OPENCODE_DEEPSEEK_V4_FLASH__T04_R02_C03.judgment.json
T04_R02_C03_A01,ok,17424,1300,18724,1,OPENCODE_DEEPSEEK_V4_FLASH__T04_R02_C03_A01.judgment.json
T04_R02_C03_A02,ok,16132,656,16788,1,OPENCODE_DEEPSEEK_V4_FLASH__T04_R02_C03_A02.judgment.json
T04_R02_C03_A03,ok,20305,1331,21636,1,OPENCODE_DEEPSEEK_V4_FLASH__T04_R02_C03_A03.judgment.json
T05_R01_C01,ok,25338,1302,26640,1,OPENCODE_DEEPSEEK_V4_FLASH__T05_R01_C01.judgment.json
T05_R01_C01_A01,ok,30102,2390,32492,1,OPENCODE_DEEPSEEK_V4_FLASH__T05_R01_C01_A01.judgment.json
T05_R01_C01_A02,ok,36792,1663,38455,1,OPENCODE_DEEPSEEK_V4_FLASH__T05_R01_C01_A02.judgment.json
T05_R01_C01_A03,ok,26559,1131,27690,1,OPENCODE_DEEPSEEK_V4_FLASH__T05_R01_C01_A03.judgment.json
T05_R01_C02,ok,34386,641,35027,1,OPENCODE_DEEPSEEK_V4_FLASH__T05_R01_C02.judgment.json
T05_R01_C02_A01,ok,30950,931,31881,1,OPENCODE_DEEPSEEK_V4_FLASH__T05_R01_C02_A01.judgment.json
T05_R01_C02_A02,ok,43268,996,44264,1,OPENCODE_DEEPSEEK_V4_FLASH__T05_R01_C02_A02.judgment.json
T05_R01_C02_A03,ok,34231,690,34921,1,OPENCODE_DEEPSEEK_V4_FLASH__T05_R01_C02_A03.judgment.json
T05_R01_C03,ok,4995,1848,6843,1,OPENCODE_DEEPSEEK_V4_FLASH__T05_R01_C03.judgment.json
T05_R01_C03_A01,ok,7366,1654,9020,1,OPENCODE_DEEPSEEK_V4_FLASH__T05_R01_C03_A01.judgment.json
T05_R01_C03_A02,ok,8655,1475,10130,1,OPENCODE_DEEPSEEK_V4_FLASH__T05_R01_C03_A02.judgment.json
T05_R01_C03_A03,ok,5368,936,6304,1,OPENCODE_DEEPSEEK_V4_FLASH__T05_R01_C03_A03.judgment.json
T05_R02_C01,ok,17912,463,18375,1,OPENCODE_DEEPSEEK_V4_FLASH__T05_R02_C01.judgment.json
T05_R02_C01_A01,ok,39133,1373,40506,1,OPENCODE_DEEPSEEK_V4_FLASH__T05_R02_C01_A01.judgment.json
T05_R02_C01_A02,ok,31471,559,32030,1,OPENCODE_DEEPSEEK_V4_FLASH__T05_R02_C01_A02.judgment.json
T05_R02_C01_A03,ok,41171,1283,42454,1,OPENCODE_DEEPSEEK_V4_FLASH__T05_R02_C01_A03.judgment.json
T05_R02_C02,ok,3373,531,3904,1,OPENCODE_DEEPSEEK_V4_FLASH__T05_R02_C02.judgment.json
T05_R02_C02_A01,ok,4278,868,5146,1,OPENCODE_DEEPSEEK_V4_FLASH__T05_R02_C02_A01.judgment.json
T05_R02_C02_A02,ok,5196,1101,6297,1,OPENCODE_DEEPSEEK_V4_FLASH__T05_R02_C02_A02.judgment.json
T05_R02_C02_A03,ok,8737,1018,9755,1,OPENCODE_DEEPSEEK_V4_FLASH__T05_R02_C02_A03.judgment.json
T05_R02_C03,ok,7137,396,7533,1,OPENCODE_DEEPSEEK_V4_FLASH__T05_R02_C03.judgment.json
T05_R02_C03_A01,ok,4835,1108,5943,1,OPENCODE_DEEPSEEK_V4_FLASH__T05_R02_C03_A01.judgment.json
T05_R02_C03_A02,ok,5557,541,6098,1,OPENCODE_DEEPSEEK_V4_FLASH__T05_R02_C03_A02.judgment.json
T05_R02_C03_A03,ok,11006,828,11834,1,OPENCODE_DEEPSEEK_V4_FLASH__T05_R02_C03_A03.judgment.json
T06_R01_C01,ok,20519,1149,21668,1,OPENCODE_DEEPSEEK_V4_FLASH__T06_R01_C01.judgment.json
T06_R01_C01_A01,ok,20735,949,21684,1,OPENCODE_DEEPSEEK_V4_FLASH__T06_R01_C01_A01.judgment.json
T06_R01_C01_A02,ok,23362,742,24104,1,OPENCODE_DEEPSEEK_V4_FLASH__T06_R01_C01_A02.judgment.json
T06_R01_C01_A03,ok,16662,809,17471,1,OPENCODE_DEEPSEEK_V4_FLASH__T06_R01_C01_A03.judgment.json
T06_R01_C02,ok,35166,818,35984,1,OPENCODE_DEEPSEEK_V4_FLASH__T06_R01_C02.judgment.json
T06_R01_C02_A01,ok,41719,1166,42885,1,OPENCODE_DEEPSEEK_V4_FLASH__T06_R01_C02_A01.judgment.json
T06_R01_C02_A02,ok,49054,742,49796,1,OPENCODE_DEEPSEEK_V4_FLASH__T06_R01_C02_A02.judgment.json
T06_R01_C02_A03,ok,56303,1143,57446,1,OPENCODE_DEEPSEEK_V4_FLASH__T06_R01_C02_A03.judgment.json
T06_R01_C03,ok,49548,707,50255,1,OPENCODE_DEEPSEEK_V4_FLASH__T06_R01_C03.judgment.json
T06_R01_C03_A01,ok,14549,1258,15807,1,OPENCODE_DEEPSEEK_V4_FLASH__T06_R01_C03_A01.judgment.json
T06_R01_C03_A02,ok,23564,1064,24628,1,OPENCODE_DEEPSEEK_V4_FLASH__T06_R01_C03_A02.judgment.json
T06_R01_C03_A03,ok,14666,1077,15743,1,OPENCODE_DEEPSEEK_V4_FLASH__T06_R01_C03_A03.judgment.json
T06_R02_C01,ok,4317,1043,5360,1,OPENCODE_DEEPSEEK_V4_FLASH__T06_R02_C01.judgment.json
T06_R02_C01_A01,ok,4515,1210,5725,1,OPENCODE_DEEPSEEK_V4_FLASH__T06_R02_C01_A01.judgment.json
T06_R02_C01_A02,ok,4712,1102,5814,1,OPENCODE_DEEPSEEK_V4_FLASH__T06_R02_C01_A02.judgment.json
T06_R02_C01_A03,ok,4692,991,5683,1,OPENCODE_DEEPSEEK_V4_FLASH__T06_R02_C01_A03.judgment.json
T06_R02_C02,ok,48442,508,48950,1,OPENCODE_DEEPSEEK_V4_FLASH__T06_R02_C02.judgment.json
T06_R02_C02_A01,ok,3888,870,4758,1,OPENCODE_DEEPSEEK_V4_FLASH__T06_R02_C02_A01.judgment.json
T06_R02_C02_A02,ok,3934,854,4788,1,OPENCODE_DEEPSEEK_V4_FLASH__T06_R02_C02_A02.judgment.json
T06_R02_C02_A03,ok,34399,586,34985,1,OPENCODE_DEEPSEEK_V4_FLASH__T06_R02_C02_A03.judgment.json
T06_R02_C03,ok,53660,564,54224,1,OPENCODE_DEEPSEEK_V4_FLASH__T06_R02_C03.judgment.json
T06_R02_C03_A01,ok,59682,652,60334,1,OPENCODE_DEEPSEEK_V4_FLASH__T06_R02_C03_A01.judgment.json
T06_R02_C03_A02,ok,404104,627,404731,1,OPENCODE_DEEPSEEK_V4_FLASH__T06_R02_C03_A02.judgment.json
T06_R02_C03_A03,ok,51384,761,52145,1,OPENCODE_DEEPSEEK_V4_FLASH__T06_R02_C03_A03.judgment.json
T07_R01_C01,ok,31832,1270,33102,1,OPENCODE_DEEPSEEK_V4_FLASH__T07_R01_C01.judgment.json
T07_R01_C01_A01,ok,10305,602,10907,1,OPENCODE_DEEPSEEK_V4_FLASH__T07_R01_C01_A01.judgment.json
T07_R01_C01_A02,ok,12196,456,12652,1,OPENCODE_DEEPSEEK_V4_FLASH__T07_R01_C01_A02.judgment.json
T07_R01_C01_A03,ok,11415,1170,12585,1,OPENCODE_DEEPSEEK_V4_FLASH__T07_R01_C01_A03.judgment.json
T07_R01_C02,ok,16273,499,16772,1,OPENCODE_DEEPSEEK_V4_FLASH__T07_R01_C02.judgment.json
T07_R01_C02_A01,ok,11544,933,12477,1,OPENCODE_DEEPSEEK_V4_FLASH__T07_R01_C02_A01.judgment.json
T07_R01_C02_A02,ok,12759,603,13362,1,OPENCODE_DEEPSEEK_V4_FLASH__T07_R01_C02_A02.judgment.json
T07_R01_C02_A03,ok,12590,999,13589,1,OPENCODE_DEEPSEEK_V4_FLASH__T07_R01_C02_A03.judgment.json
T07_R01_C03,ok,5469,718,6187,1,OPENCODE_DEEPSEEK_V4_FLASH__T07_R01_C03.judgment.json
T07_R01_C03_A01,ok,4605,905,5510,1,OPENCODE_DEEPSEEK_V4_FLASH__T07_R01_C03_A01.judgment.json
T07_R01_C03_A02,ok,7776,1186,8962,1,OPENCODE_DEEPSEEK_V4_FLASH__T07_R01_C03_A02.judgment.json
T07_R01_C03_A03,ok,4843,1450,6293,1,OPENCODE_DEEPSEEK_V4_FLASH__T07_R01_C03_A03.judgment.json
T07_R02_C01,ok,100511,371,100882,1,OPENCODE_DEEPSEEK_V4_FLASH__T07_R02_C01.judgment.json
T07_R02_C01_A01,ok,97701,1493,99194,1,OPENCODE_DEEPSEEK_V4_FLASH__T07_R02_C01_A01.judgment.json
T07_R02_C01_A02,ok,179285,902,180187,1,OPENCODE_DEEPSEEK_V4_FLASH__T07_R02_C01_A02.judgment.json
T07_R02_C01_A03,ok,96277,950,97227,1,OPENCODE_DEEPSEEK_V4_FLASH__T07_R02_C01_A03.judgment.json
T07_R02_C02,ok,5257,922,6179,1,OPENCODE_DEEPSEEK_V4_FLASH__T07_R02_C02.judgment.json
T07_R02_C02_A01,ok,5954,1020,6974,1,OPENCODE_DEEPSEEK_V4_FLASH__T07_R02_C02_A01.judgment.json
T07_R02_C02_A02,ok,4325,1044,5369,1,OPENCODE_DEEPSEEK_V4_FLASH__T07_R02_C02_A02.judgment.json
T07_R02_C02_A03,ok,5429,850,6279,1,OPENCODE_DEEPSEEK_V4_FLASH__T07_R02_C02_A03.judgment.json
T07_R02_C03,ok,2470,938,3408,1,OPENCODE_DEEPSEEK_V4_FLASH__T07_R02_C03.judgment.json
T07_R02_C03_A01,ok,3950,2042,5992,1,OPENCODE_DEEPSEEK_V4_FLASH__T07_R02_C03_A01.judgment.json
T07_R02_C03_A02,ok,4885,790,5675,1,OPENCODE_DEEPSEEK_V4_FLASH__T07_R02_C03_A02.judgment.json
T07_R02_C03_A03,ok,3568,1023,4591,1,OPENCODE_DEEPSEEK_V4_FLASH__T07_R02_C03_A03.judgment.json
T08_R01_C01,ok,5755,1035,6790,1,OPENCODE_DEEPSEEK_V4_FLASH__T08_R01_C01.judgment.json
T08_R01_C01_A01,ok,15123,2565,17688,1,OPENCODE_DEEPSEEK_V4_FLASH__T08_R01_C01_A01.judgment.json
T08_R01_C01_A02,ok,5045,628,5673,1,OPENCODE_DEEPSEEK_V4_FLASH__T08_R01_C01_A02.judgment.json
T08_R01_C01_A03,ok,4899,1110,6009,1,OPENCODE_DEEPSEEK_V4_FLASH__T08_R01_C01_A03.judgment.json
T08_R01_C02,ok,4281,674,4955,1,OPENCODE_DEEPSEEK_V4_FLASH__T08_R01_C02.judgment.json
T08_R01_C02_A01,ok,4431,1184,5615,1,OPENCODE_DEEPSEEK_V4_FLASH__T08_R01_C02_A01.judgment.json
T08_R01_C02_A02,ok,4661,1088,5749,1,OPENCODE_DEEPSEEK_V4_FLASH__T08_R01_C02_A02.judgment.json
T08_R01_C02_A03,ok,19308,573,19881,1,OPENCODE_DEEPSEEK_V4_FLASH__T08_R01_C02_A03.judgment.json
T08_R01_C03,ok,11289,1019,12308,1,OPENCODE_DEEPSEEK_V4_FLASH__T08_R01_C03.judgment.json
T08_R01_C03_A01,ok,6660,1068,7728,1,OPENCODE_DEEPSEEK_V4_FLASH__T08_R01_C03_A01.judgment.json
T08_R01_C03_A02,ok,9171,560,9731,1,OPENCODE_DEEPSEEK_V4_FLASH__T08_R01_C03_A02.judgment.json
T08_R01_C03_A03,ok,13337,1388,14725,1,OPENCODE_DEEPSEEK_V4_FLASH__T08_R01_C03_A03.judgment.json
T08_R02_C01,ok,5914,879,6793,1,OPENCODE_DEEPSEEK_V4_FLASH__T08_R02_C01.judgment.json
T08_R02_C01_A01,ok,6692,686,7378,1,OPENCODE_DEEPSEEK_V4_FLASH__T08_R02_C01_A01.judgment.json
T08_R02_C01_A02,ok,3479,1126,4605,1,OPENCODE_DEEPSEEK_V4_FLASH__T08_R02_C01_A02.judgment.json
T08_R02_C01_A03,ok,3646,573,4219,1,OPENCODE_DEEPSEEK_V4_FLASH__T08_R02_C01_A03.judgment.json
T08_R02_C02,ok,14477,284,14761,1,OPENCODE_DEEPSEEK_V4_FLASH__T08_R02_C02.judgment.json
T08_R02_C02_A01,ok,8301,1059,9360,1,OPENCODE_DEEPSEEK_V4_FLASH__T08_R02_C02_A01.judgment.json
T08_R02_C02_A02,ok,10520,1171,11691,1,OPENCODE_DEEPSEEK_V4_FLASH__T08_R02_C02_A02.judgment.json
T08_R02_C02_A03,ok,7864,970,8834,1,OPENCODE_DEEPSEEK_V4_FLASH__T08_R02_C02_A03.judgment.json
T08_R02_C03,ok,7326,991,8317,1,OPENCODE_DEEPSEEK_V4_FLASH__T08_R02_C03.judgment.json
T08_R02_C03_A01,ok,8339,726,9065,1,OPENCODE_DEEPSEEK_V4_FLASH__T08_R02_C03_A01.judgment.json
T08_R02_C03_A02,ok,8546,1767,10313,1,OPENCODE_DEEPSEEK_V4_FLASH__T08_R02_C03_A02.judgment.json
T08_R02_C03_A03,ok,7508,968,8476,1,OPENCODE_DEEPSEEK_V4_FLASH__T08_R02_C03_A03.judgment.json
T09_R01_C01,ok,8458,755,9213,1,OPENCODE_DEEPSEEK_V4_FLASH__T09_R01_C01.judgment.json
T09_R01_C01_A01,ok,9346,1504,10850,1,OPENCODE_DEEPSEEK_V4_FLASH__T09_R01_C01_A01.judgment.json
T09_R01_C01_A02,ok,7898,1269,9167,1,OPENCODE_DEEPSEEK_V4_FLASH__T09_R01_C01_A02.judgment.json
T09_R01_C01_A03,ok,8237,1425,9662,1,OPENCODE_DEEPSEEK_V4_FLASH__T09_R01_C01_A03.judgment.json
T09_R01_C02,ok,10872,831,11703,1,OPENCODE_DEEPSEEK_V4_FLASH__T09_R01_C02.judgment.json
T09_R01_C02_A01,ok,9042,1201,10243,1,OPENCODE_DEEPSEEK_V4_FLASH__T09_R01_C02_A01.judgment.json
T09_R01_C02_A02,ok,10576,1587,12163,1,OPENCODE_DEEPSEEK_V4_FLASH__T09_R01_C02_A02.judgment.json
T09_R01_C02_A03,ok,10294,2487,12781,1,OPENCODE_DEEPSEEK_V4_FLASH__T09_R01_C02_A03.judgment.json
T09_R01_C03,ok,9200,1192,10392,1,OPENCODE_DEEPSEEK_V4_FLASH__T09_R01_C03.judgment.json
T09_R01_C03_A01,ok,10649,1256,11905,1,OPENCODE_DEEPSEEK_V4_FLASH__T09_R01_C03_A01.judgment.json
T09_R01_C03_A02,ok,11856,1280,13136,1,OPENCODE_DEEPSEEK_V4_FLASH__T09_R01_C03_A02.judgment.json
T09_R01_C03_A03,ok,9208,1006,10214,1,OPENCODE_DEEPSEEK_V4_FLASH__T09_R01_C03_A03.judgment.json
T09_R02_C01,ok,6558,929,7487,1,OPENCODE_DEEPSEEK_V4_FLASH__T09_R02_C01.judgment.json
T09_R02_C01_A01,ok,23283,1385,24668,1,OPENCODE_DEEPSEEK_V4_FLASH__T09_R02_C01_A01.judgment.json
T09_R02_C01_A02,ok,19684,897,20581,1,OPENCODE_DEEPSEEK_V4_FLASH__T09_R02_C01_A02.judgment.json
T09_R02_C01_A03,ok,7504,1087,8591,1,OPENCODE_DEEPSEEK_V4_FLASH__T09_R02_C01_A03.judgment.json
T09_R02_C02,ok,41007,3524,44531,1,OPENCODE_DEEPSEEK_V4_FLASH__T09_R02_C02.judgment.json
T09_R02_C02_A01,ok,28032,1719,29751,1,OPENCODE_DEEPSEEK_V4_FLASH__T09_R02_C02_A01.judgment.json
T09_R02_C02_A02,ok,42639,1279,43918,1,OPENCODE_DEEPSEEK_V4_FLASH__T09_R02_C02_A02.judgment.json
T09_R02_C02_A03,ok,17439,1340,18779,1,OPENCODE_DEEPSEEK_V4_FLASH__T09_R02_C02_A03.judgment.json
T09_R02_C03,ok,36194,1414,37608,1,OPENCODE_DEEPSEEK_V4_FLASH__T09_R02_C03.judgment.json
T09_R02_C03_A01,ok,23401,974,24375,1,OPENCODE_DEEPSEEK_V4_FLASH__T09_R02_C03_A01.judgment.json
T09_R02_C03_A02,ok,36546,1621,38167,1,OPENCODE_DEEPSEEK_V4_FLASH__T09_R02_C03_A02.judgment.json
T09_R02_C03_A03,ok,33708,4252,37960,1,OPENCODE_DEEPSEEK_V4_FLASH__T09_R02_C03_A03.judgment.json
T10_R01_C01,ok,6320,1071,7391,1,OPENCODE_DEEPSEEK_V4_FLASH__T10_R01_C01.judgment.json
T10_R01_C01_A01,ok,10672,861,11533,1,OPENCODE_DEEPSEEK_V4_FLASH__T10_R01_C01_A01.judgment.json
T10_R01_C01_A02,ok,8696,1078,9774,1,OPENCODE_DEEPSEEK_V4_FLASH__T10_R01_C01_A02.judgment.json
T10_R01_C01_A03,ok,8057,639,8696,1,OPENCODE_DEEPSEEK_V4_FLASH__T10_R01_C01_A03.judgment.json
T10_R01_C02,ok,18020,834,18854,1,OPENCODE_DEEPSEEK_V4_FLASH__T10_R01_C02.judgment.json
T10_R01_C02_A01,ok,12507,1937,14444,1,OPENCODE_DEEPSEEK_V4_FLASH__T10_R01_C02_A01.judgment.json
T10_R01_C02_A02,ok,17353,1256,18609,1,OPENCODE_DEEPSEEK_V4_FLASH__T10_R01_C02_A02.judgment.json
T10_R01_C02_A03,ok,11905,1127,13032,1,OPENCODE_DEEPSEEK_V4_FLASH__T10_R01_C02_A03.judgment.json
T10_R01_C03,ok,11117,1021,12138,1,OPENCODE_DEEPSEEK_V4_FLASH__T10_R01_C03.judgment.json
T10_R01_C03_A01,ok,11226,1411,12637,1,OPENCODE_DEEPSEEK_V4_FLASH__T10_R01_C03_A01.judgment.json
T10_R01_C03_A02,ok,10533,1149,11682,1,OPENCODE_DEEPSEEK_V4_FLASH__T10_R01_C03_A02.judgment.json
T10_R01_C03_A03,ok,13818,1095,14913,1,OPENCODE_DEEPSEEK_V4_FLASH__T10_R01_C03_A03.judgment.json
T10_R02_C01,ok,8656,931,9587,1,OPENCODE_DEEPSEEK_V4_FLASH__T10_R02_C01.judgment.json
T10_R02_C01_A01,ok,17410,2268,19678,1,OPENCODE_DEEPSEEK_V4_FLASH__T10_R02_C01_A01.judgment.json
T10_R02_C01_A02,ok,8804,887,9691,1,OPENCODE_DEEPSEEK_V4_FLASH__T10_R02_C01_A02.judgment.json
T10_R02_C01_A03,ok,14147,1236,15383,1,OPENCODE_DEEPSEEK_V4_FLASH__T10_R02_C01_A03.judgment.json
T10_R02_C02,ok,41894,2770,44664,1,OPENCODE_DEEPSEEK_V4_FLASH__T10_R02_C02.judgment.json
T10_R02_C02_A01,ok,42347,2935,45282,1,OPENCODE_DEEPSEEK_V4_FLASH__T10_R02_C02_A01.judgment.json
T10_R02_C02_A02,ok,45585,1915,47500,1,OPENCODE_DEEPSEEK_V4_FLASH__T10_R02_C02_A02.judgment.json
T10_R02_C02_A03,ok,21787,1070,22857,1,OPENCODE_DEEPSEEK_V4_FLASH__T10_R02_C02_A03.judgment.json
T10_R02_C03,ok,48744,2141,50885,1,OPENCODE_DEEPSEEK_V4_FLASH__T10_R02_C03.judgment.json
T10_R02_C03_A01,ok,8793,1252,10045,1,OPENCODE_DEEPSEEK_V4_FLASH__T10_R02_C03_A01.judgment.json
T10_R02_C03_A02,ok,54034,979,55013,1,OPENCODE_DEEPSEEK_V4_FLASH__T10_R02_C03_A02.judgment.json
T10_R02_C03_A03,ok,49564,764,50328,1,OPENCODE_DEEPSEEK_V4_FLASH__T10_R02_C03_A03.judgment.json
T11_R01_C01,ok,8212,955,9167,1,OPENCODE_DEEPSEEK_V4_FLASH__T11_R01_C01.judgment.json
T11_R01_C01_A01,ok,8198,1185,9383,1,OPENCODE_DEEPSEEK_V4_FLASH__T11_R01_C01_A01.judgment.json
T11_R01_C01_A02,ok,14835,991,15826,1,OPENCODE_DEEPSEEK_V4_FLASH__T11_R01_C01_A02.judgment.json
T11_R01_C01_A03,ok,11569,699,12268,1,OPENCODE_DEEPSEEK_V4_FLASH__T11_R01_C01_A03.judgment.json
T11_R01_C02,ok,12221,963,13184,1,OPENCODE_DEEPSEEK_V4_FLASH__T11_R01_C02.judgment.json
T11_R01_C02_A01,ok,10204,1263,11467,1,OPENCODE_DEEPSEEK_V4_FLASH__T11_R01_C02_A01.judgment.json
T11_R01_C02_A02,ok,17089,1579,18668,1,OPENCODE_DEEPSEEK_V4_FLASH__T11_R01_C02_A02.judgment.json
T11_R01_C02_A03,ok,16743,865,17608,1,OPENCODE_DEEPSEEK_V4_FLASH__T11_R01_C02_A03.judgment.json
T11_R01_C03,ok,10184,1122,11306,1,OPENCODE_DEEPSEEK_V4_FLASH__T11_R01_C03.judgment.json
T11_R01_C03_A01,ok,13474,1061,14535,1,OPENCODE_DEEPSEEK_V4_FLASH__T11_R01_C03_A01.judgment.json
T11_R01_C03_A02,ok,11777,1222,12999,1,OPENCODE_DEEPSEEK_V4_FLASH__T11_R01_C03_A02.judgment.json
T11_R01_C03_A03,ok,12223,2421,14644,1,OPENCODE_DEEPSEEK_V4_FLASH__T11_R01_C03_A03.judgment.json
T11_R02_C01,ok,43488,667,44155,1,OPENCODE_DEEPSEEK_V4_FLASH__T11_R02_C01.judgment.json
T11_R02_C01_A01,ok,71666,761,72427,1,OPENCODE_DEEPSEEK_V4_FLASH__T11_R02_C01_A01.judgment.json
T11_R02_C01_A02,ok,71843,994,72837,1,OPENCODE_DEEPSEEK_V4_FLASH__T11_R02_C01_A02.judgment.json
T11_R02_C01_A03,ok,63624,1680,65304,1,OPENCODE_DEEPSEEK_V4_FLASH__T11_R02_C01_A03.judgment.json
T11_R02_C02,ok,42790,1865,44655,1,OPENCODE_DEEPSEEK_V4_FLASH__T11_R02_C02.judgment.json
T11_R02_C02_A01,ok,54855,2252,57107,1,OPENCODE_DEEPSEEK_V4_FLASH__T11_R02_C02_A01.judgment.json
T11_R02_C02_A02,ok,26783,993,27776,1,OPENCODE_DEEPSEEK_V4_FLASH__T11_R02_C02_A02.judgment.json
T11_R02_C02_A03,ok,43725,1514,45239,1,OPENCODE_DEEPSEEK_V4_FLASH__T11_R02_C02_A03.judgment.json
T11_R02_C03,ok,106408,3741,110149,1,OPENCODE_DEEPSEEK_V4_FLASH__T11_R02_C03.judgment.json
T11_R02_C03_A01,ok,14648,1577,16225,1,OPENCODE_DEEPSEEK_V4_FLASH__T11_R02_C03_A01.judgment.json
T11_R02_C03_A02,ok,82872,878,83750,1,OPENCODE_DEEPSEEK_V4_FLASH__T11_R02_C03_A02.judgment.json
T11_R02_C03_A03,ok,69227,1059,70286,1,OPENCODE_DEEPSEEK_V4_FLASH__T11_R02_C03_A03.judgment.json
T12_R01_C01,ok,7658,848,8506,1,OPENCODE_DEEPSEEK_V4_FLASH__T12_R01_C01.judgment.json
T12_R01_C01_A01,ok,11452,2119,13571,1,OPENCODE_DEEPSEEK_V4_FLASH__T12_R01_C01_A01.judgment.json
T12_R01_C01_A02,ok,9846,1048,10894,1,OPENCODE_DEEPSEEK_V4_FLASH__T12_R01_C01_A02.judgment.json
T12_R01_C01_A03,ok,8418,1401,9819,1,OPENCODE_DEEPSEEK_V4_FLASH__T12_R01_C01_A03.judgment.json
T12_R01_C02,ok,10513,645,11158,1,OPENCODE_DEEPSEEK_V4_FLASH__T12_R01_C02.judgment.json
T12_R01_C02_A01,ok,13932,926,14858,1,OPENCODE_DEEPSEEK_V4_FLASH__T12_R01_C02_A01.judgment.json
T12_R01_C02_A02,ok,9418,559,9977,1,OPENCODE_DEEPSEEK_V4_FLASH__T12_R01_C02_A02.judgment.json
T12_R01_C02_A03,ok,13419,1461,14880,1,OPENCODE_DEEPSEEK_V4_FLASH__T12_R01_C02_A03.judgment.json
T12_R01_C03,ok,13096,2336,15432,1,OPENCODE_DEEPSEEK_V4_FLASH__T12_R01_C03.judgment.json
T12_R01_C03_A01,ok,15889,2142,18031,1,OPENCODE_DEEPSEEK_V4_FLASH__T12_R01_C03_A01.judgment.json
T12_R01_C03_A02,ok,13272,1031,14303,1,OPENCODE_DEEPSEEK_V4_FLASH__T12_R01_C03_A02.judgment.json
T12_R01_C03_A03,ok,15770,2433,18203,1,OPENCODE_DEEPSEEK_V4_FLASH__T12_R01_C03_A03.judgment.json
T12_R02_C01,ok,37619,1101,38720,1,OPENCODE_DEEPSEEK_V4_FLASH__T12_R02_C01.judgment.json
T12_R02_C01_A01,ok,61394,563,61957,1,OPENCODE_DEEPSEEK_V4_FLASH__T12_R02_C01_A01.judgment.json
T12_R02_C01_A02,ok,61079,723,61802,1,OPENCODE_DEEPSEEK_V4_FLASH__T12_R02_C01_A02.judgment.json
T12_R02_C01_A03,ok,60995,996,61991,1,OPENCODE_DEEPSEEK_V4_FLASH__T12_R02_C01_A03.judgment.json
T12_R02_C02,ok,23303,1031,24334,1,OPENCODE_DEEPSEEK_V4_FLASH__T12_R02_C02.judgment.json
T12_R02_C02_A01,ok,22357,1380,23737,1,OPENCODE_DEEPSEEK_V4_FLASH__T12_R02_C02_A01.judgment.json
T12_R02_C02_A02,ok,24355,964,25319,1,OPENCODE_DEEPSEEK_V4_FLASH__T12_R02_C02_A02.judgment.json
T12_R02_C02_A03,ok,26642,1113,27755,1,OPENCODE_DEEPSEEK_V4_FLASH__T12_R02_C02_A03.judgment.json
T12_R02_C03,ok,29231,1182,30413,1,OPENCODE_DEEPSEEK_V4_FLASH__T12_R02_C03.judgment.json
T12_R02_C03_A01,ok,15519,826,16345,1,OPENCODE_DEEPSEEK_V4_FLASH__T12_R02_C03_A01.judgment.json
T12_R02_C03_A02,ok,30722,947,31669,1,OPENCODE_DEEPSEEK_V4_FLASH__T12_R02_C03_A02.judgment.json
T12_R02_C03_A03,ok,21197,743,21940,1,OPENCODE_DEEPSEEK_V4_FLASH__T12_R02_C03_A03.judgment.json
T13_R01_C01,ok,14629,1095,15724,1,OPENCODE_DEEPSEEK_V4_FLASH__T13_R01_C01.judgment.json
T13_R01_C01_A01,ok,25259,1679,26938,1,OPENCODE_DEEPSEEK_V4_FLASH__T13_R01_C01_A01.judgment.json
T13_R01_C01_A02,ok,25800,2524,28324,1,OPENCODE_DEEPSEEK_V4_FLASH__T13_R01_C01_A02.judgment.json
T13_R01_C01_A03,ok,18372,1503,19875,1,OPENCODE_DEEPSEEK_V4_FLASH__T13_R01_C01_A03.judgment.json
T13_R01_C02,ok,23676,910,24586,1,OPENCODE_DEEPSEEK_V4_FLASH__T13_R01_C02.judgment.json
T13_R01_C02_A01,ok,11231,944,12175,1,OPENCODE_DEEPSEEK_V4_FLASH__T13_R01_C02_A01.judgment.json
T13_R01_C02_A02,ok,26703,1279,27982,1,OPENCODE_DEEPSEEK_V4_FLASH__T13_R01_C02_A02.judgment.json
T13_R01_C02_A03,ok,28323,694,29017,1,OPENCODE_DEEPSEEK_V4_FLASH__T13_R01_C02_A03.judgment.json
T13_R01_C03,ok,30689,1131,31820,1,OPENCODE_DEEPSEEK_V4_FLASH__T13_R01_C03.judgment.json
T13_R01_C03_A01,ok,30692,862,31554,1,OPENCODE_DEEPSEEK_V4_FLASH__T13_R01_C03_A01.judgment.json
T13_R01_C03_A02,ok,27706,1006,28712,1,OPENCODE_DEEPSEEK_V4_FLASH__T13_R01_C03_A02.judgment.json
T13_R01_C03_A03,ok,26242,1128,27370,1,OPENCODE_DEEPSEEK_V4_FLASH__T13_R01_C03_A03.judgment.json
T13_R02_C01,ok,31748,1180,32928,1,OPENCODE_DEEPSEEK_V4_FLASH__T13_R02_C01.judgment.json
T13_R02_C01_A01,ok,27477,807,28284,1,OPENCODE_DEEPSEEK_V4_FLASH__T13_R02_C01_A01.judgment.json
T13_R02_C01_A02,ok,22615,1100,23715,1,OPENCODE_DEEPSEEK_V4_FLASH__T13_R02_C01_A02.judgment.json
T13_R02_C01_A03,ok,20346,1188,21534,1,OPENCODE_DEEPSEEK_V4_FLASH__T13_R02_C01_A03.judgment.json
T13_R02_C02,ok,16891,730,17621,1,OPENCODE_DEEPSEEK_V4_FLASH__T13_R02_C02.judgment.json
T13_R02_C02_A01,ok,20607,735,21342,1,OPENCODE_DEEPSEEK_V4_FLASH__T13_R02_C02_A01.judgment.json
T13_R02_C02_A02,ok,20752,1360,22112,1,OPENCODE_DEEPSEEK_V4_FLASH__T13_R02_C02_A02.judgment.json
T13_R02_C02_A03,ok,14814,1057,15871,1,OPENCODE_DEEPSEEK_V4_FLASH__T13_R02_C02_A03.judgment.json
T13_R02_C03,ok,21100,737,21837,1,OPENCODE_DEEPSEEK_V4_FLASH__T13_R02_C03.judgment.json
T13_R02_C03_A01,ok,21702,920,22622,1,OPENCODE_DEEPSEEK_V4_FLASH__T13_R02_C03_A01.judgment.json
T13_R02_C03_A02,ok,19037,1186,20223,1,OPENCODE_DEEPSEEK_V4_FLASH__T13_R02_C03_A02.judgment.json
T13_R02_C03_A03,ok,23365,1259,24624,1,OPENCODE_DEEPSEEK_V4_FLASH__T13_R02_C03_A03.judgment.json
T14_R01_C01,ok,23019,878,23897,1,OPENCODE_DEEPSEEK_V4_FLASH__T14_R01_C01.judgment.json
T14_R01_C01_A01,ok,26255,1266,27521,1,OPENCODE_DEEPSEEK_V4_FLASH__T14_R01_C01_A01.judgment.json
T14_R01_C01_A02,ok,30191,1797,31988,1,OPENCODE_DEEPSEEK_V4_FLASH__T14_R01_C01_A02.judgment.json
T14_R01_C01_A03,ok,17426,691,18117,1,OPENCODE_DEEPSEEK_V4_FLASH__T14_R01_C01_A03.judgment.json
T14_R01_C02,ok,19035,919,19954,1,OPENCODE_DEEPSEEK_V4_FLASH__T14_R01_C02.judgment.json
T14_R01_C02_A01,ok,20052,900,20952,1,OPENCODE_DEEPSEEK_V4_FLASH__T14_R01_C02_A01.judgment.json
T14_R01_C02_A02,ok,22247,1321,23568,1,OPENCODE_DEEPSEEK_V4_FLASH__T14_R01_C02_A02.judgment.json
T14_R01_C02_A03,ok,18159,852,19011,1,OPENCODE_DEEPSEEK_V4_FLASH__T14_R01_C02_A03.judgment.json
T14_R01_C03,ok,19702,803,20505,1,OPENCODE_DEEPSEEK_V4_FLASH__T14_R01_C03.judgment.json
T14_R01_C03_A01,ok,20276,700,20976,1,OPENCODE_DEEPSEEK_V4_FLASH__T14_R01_C03_A01.judgment.json
T14_R01_C03_A02,ok,15231,1889,17120,1,OPENCODE_DEEPSEEK_V4_FLASH__T14_R01_C03_A02.judgment.json
T14_R01_C03_A03,ok,16830,968,17798,1,OPENCODE_DEEPSEEK_V4_FLASH__T14_R01_C03_A03.judgment.json
T14_R02_C01,ok,15099,1101,16200,1,OPENCODE_DEEPSEEK_V4_FLASH__T14_R02_C01.judgment.json
T14_R02_C01_A01,ok,18509,678,19187,1,OPENCODE_DEEPSEEK_V4_FLASH__T14_R02_C01_A01.judgment.json
T14_R02_C01_A02,ok,15357,2062,17419,1,OPENCODE_DEEPSEEK_V4_FLASH__T14_R02_C01_A02.judgment.json
T14_R02_C01_A03,ok,11549,1199,12748,1,OPENCODE_DEEPSEEK_V4_FLASH__T14_R02_C01_A03.judgment.json
T14_R02_C02,ok,27740,1245,28985,1,OPENCODE_DEEPSEEK_V4_FLASH__T14_R02_C02.judgment.json
T14_R02_C02_A01,ok,22378,1899,24277,1,OPENCODE_DEEPSEEK_V4_FLASH__T14_R02_C02_A01.judgment.json
T14_R02_C02_A02,ok,23729,2213,25942,1,OPENCODE_DEEPSEEK_V4_FLASH__T14_R02_C02_A02.judgment.json
T14_R02_C02_A03,ok,26036,980,27016,1,OPENCODE_DEEPSEEK_V4_FLASH__T14_R02_C02_A03.judgment.json
T14_R02_C03,ok,16971,747,17718,1,OPENCODE_DEEPSEEK_V4_FLASH__T14_R02_C03.judgment.json
T14_R02_C03_A01,ok,36905,878,37783,1,OPENCODE_DEEPSEEK_V4_FLASH__T14_R02_C03_A01.judgment.json
T14_R02_C03_A02,ok,14951,1791,16742,1,OPENCODE_DEEPSEEK_V4_FLASH__T14_R02_C03_A02.judgment.json
T14_R02_C03_A03,ok,21290,716,22006,1,OPENCODE_DEEPSEEK_V4_FLASH__T14_R02_C03_A03.judgment.json
T15_R01_C01,ok,16971,936,17907,1,OPENCODE_DEEPSEEK_V4_FLASH__T15_R01_C01.judgment.json
T15_R01_C01_A01,ok,10424,758,11182,1,OPENCODE_DEEPSEEK_V4_FLASH__T15_R01_C01_A01.judgment.json
T15_R01_C01_A02,ok,23328,897,24225,1,OPENCODE_DEEPSEEK_V4_FLASH__T15_R01_C01_A02.judgment.json
T15_R01_C01_A03,ok,23178,832,24010,1,OPENCODE_DEEPSEEK_V4_FLASH__T15_R01_C01_A03.judgment.json
T15_R01_C02,ok,14762,1222,15984,1,OPENCODE_DEEPSEEK_V4_FLASH__T15_R01_C02.judgment.json
T15_R01_C02_A01,ok,12464,1185,13649,1,OPENCODE_DEEPSEEK_V4_FLASH__T15_R01_C02_A01.judgment.json
T15_R01_C02_A02,ok,15483,850,16333,1,OPENCODE_DEEPSEEK_V4_FLASH__T15_R01_C02_A02.judgment.json
T15_R01_C02_A03,ok,15140,1120,16260,1,OPENCODE_DEEPSEEK_V4_FLASH__T15_R01_C02_A03.judgment.json
T15_R01_C03,ok,17145,1061,18206,1,OPENCODE_DEEPSEEK_V4_FLASH__T15_R01_C03.judgment.json
T15_R01_C03_A01,ok,16500,988,17488,1,OPENCODE_DEEPSEEK_V4_FLASH__T15_R01_C03_A01.judgment.json
T15_R01_C03_A02,ok,24784,1247,26031,1,OPENCODE_DEEPSEEK_V4_FLASH__T15_R01_C03_A02.judgment.json
T15_R01_C03_A03,ok,17621,1360,18981,1,OPENCODE_DEEPSEEK_V4_FLASH__T15_R01_C03_A03.judgment.json
T15_R02_C01,ok,15342,1008,16350,1,OPENCODE_DEEPSEEK_V4_FLASH__T15_R02_C01.judgment.json
T15_R02_C01_A01,ok,15899,1319,17218,1,OPENCODE_DEEPSEEK_V4_FLASH__T15_R02_C01_A01.judgment.json
T15_R02_C01_A02,ok,21637,1259,22896,1,OPENCODE_DEEPSEEK_V4_FLASH__T15_R02_C01_A02.judgment.json
T15_R02_C01_A03,ok,12029,683,12712,1,OPENCODE_DEEPSEEK_V4_FLASH__T15_R02_C01_A03.judgment.json
T15_R02_C02,ok,18117,1327,19444,1,OPENCODE_DEEPSEEK_V4_FLASH__T15_R02_C02.judgment.json
T15_R02_C02_A01,ok,16636,1269,17905,1,OPENCODE_DEEPSEEK_V4_FLASH__T15_R02_C02_A01.judgment.json
T15_R02_C02_A02,ok,23139,1310,24449,1,OPENCODE_DEEPSEEK_V4_FLASH__T15_R02_C02_A02.judgment.json
T15_R02_C02_A03,ok,18009,898,18907,1,OPENCODE_DEEPSEEK_V4_FLASH__T15_R02_C02_A03.judgment.json
T15_R02_C03,ok,20800,1083,21883,1,OPENCODE_DEEPSEEK_V4_FLASH__T15_R02_C03.judgment.json
T15_R02_C03_A01,ok,12897,500,13397,1,OPENCODE_DEEPSEEK_V4_FLASH__T15_R02_C03_A01.judgment.json
T15_R02_C03_A02,ok,21335,1307,22642,1,OPENCODE_DEEPSEEK_V4_FLASH__T15_R02_C03_A02.judgment.json
T15_R02_C03_A03,ok,24803,1063,25866,1,OPENCODE_DEEPSEEK_V4_FLASH__T15_R02_C03_A03.judgment.json
T16_R01_C01,ok,21669,1278,22947,1,OPENCODE_DEEPSEEK_V4_FLASH__T16_R01_C01.judgment.json
T16_R01_C01_A01,ok,19995,628,20623,1,OPENCODE_DEEPSEEK_V4_FLASH__T16_R01_C01_A01.judgment.json
T16_R01_C01_A02,ok,26681,2363,29044,1,OPENCODE_DEEPSEEK_V4_FLASH__T16_R01_C01_A02.judgment.json
T16_R01_C01_A03,ok,14014,1344,15358,1,OPENCODE_DEEPSEEK_V4_FLASH__T16_R01_C01_A03.judgment.json
T16_R01_C02,ok,10201,810,11011,1,OPENCODE_DEEPSEEK_V4_FLASH__T16_R01_C02.judgment.json
T16_R01_C02_A01,ok,17009,1082,18091,1,OPENCODE_DEEPSEEK_V4_FLASH__T16_R01_C02_A01.judgment.json
T16_R01_C02_A02,ok,19760,1068,20828,1,OPENCODE_DEEPSEEK_V4_FLASH__T16_R01_C02_A02.judgment.json
T16_R01_C02_A03,ok,10106,1313,11419,1,OPENCODE_DEEPSEEK_V4_FLASH__T16_R01_C02_A03.judgment.json
T16_R01_C03,ok,18768,1153,19921,1,OPENCODE_DEEPSEEK_V4_FLASH__T16_R01_C03.judgment.json
T16_R01_C03_A01,ok,21549,1249,22798,1,OPENCODE_DEEPSEEK_V4_FLASH__T16_R01_C03_A01.judgment.json
T16_R01_C03_A02,ok,14500,1589,16089,1,OPENCODE_DEEPSEEK_V4_FLASH__T16_R01_C03_A02.judgment.json
T16_R01_C03_A03,ok,10237,1363,11600,1,OPENCODE_DEEPSEEK_V4_FLASH__T16_R01_C03_A03.judgment.json
T16_R02_C01,ok,8476,764,9240,1,OPENCODE_DEEPSEEK_V4_FLASH__T16_R02_C01.judgment.json
T16_R02_C01_A01,ok,16025,1437,17462,1,OPENCODE_DEEPSEEK_V4_FLASH__T16_R02_C01_A01.judgment.json
T16_R02_C01_A02,ok,19723,1426,21149,1,OPENCODE_DEEPSEEK_V4_FLASH__T16_R02_C01_A02.judgment.json
T16_R02_C01_A03,ok,9491,1497,10988,1,OPENCODE_DEEPSEEK_V4_FLASH__T16_R02_C01_A03.judgment.json
T16_R02_C02,ok,21980,805,22785,1,OPENCODE_DEEPSEEK_V4_FLASH__T16_R02_C02.judgment.json
T16_R02_C02_A01,ok,23424,1133,24557,1,OPENCODE_DEEPSEEK_V4_FLASH__T16_R02_C02_A01.judgment.json
T16_R02_C02_A02,ok,22488,1213,23701,1,OPENCODE_DEEPSEEK_V4_FLASH__T16_R02_C02_A02.judgment.json
T16_R02_C02_A03,ok,13657,817,14474,1,OPENCODE_DEEPSEEK_V4_FLASH__T16_R02_C02_A03.judgment.json
T16_R02_C03,ok,15675,1165,16840,1,OPENCODE_DEEPSEEK_V4_FLASH__T16_R02_C03.judgment.json
T16_R02_C03_A01,ok,10817,1251,12068,1,OPENCODE_DEEPSEEK_V4_FLASH__T16_R02_C03_A01.judgment.json
T16_R02_C03_A02,ok,11902,1534,13436,1,OPENCODE_DEEPSEEK_V4_FLASH__T16_R02_C03_A02.judgment.json
T16_R02_C03_A03,ok,13730,1042,14772,1,OPENCODE_DEEPSEEK_V4_FLASH__T16_R02_C03_A03.judgment.json
